{
    "activation": "ReLU",
    "aggregation": "mean",
    "aggregation_norm": 100,
    "atom_descriptor_scaling": true,
    "atom_descriptors": null,
    "atom_descriptors_path": null,
    "atom_descriptors_size": 0,
    "atom_features_size": 0,
    "atom_messages": false,
    "batch_size": 50,
    "bias": false,
    "bond_feature_scaling": true,
    "bond_features_path": null,
    "bond_features_size": 0,
    "cache_cutoff": 10000,
    "checkpoint_dir": null,
    "checkpoint_frzn": null,
    "checkpoint_path": null,
    "checkpoint_paths": null,
    "class_balance": false,
    "config_path": "../abx_moa/outputs/chemprop_nonhuman_multilabel_classification_1_fold/hyperoptimization",
    "crossval_index_dir": null,
    "crossval_index_file": null,
    "crossval_index_sets": null,
    "cuda": false,
    "data_path": "../abx_moa/data/chemprop_nonhuman_multilabel_inputs/train.csv",
    "data_weights_path": null,
    "dataset_type": "classification",
    "depth": 4,
    "device": {
        "_type": "python_object (type = device)",
        "_value": "gASVHgAAAAAAAACMBXRvcmNolIwGZGV2aWNllJOUjANjcHWUhZRSlC4="
    },
    "dropout": 0.30000000000000004,
    "empty_cache": false,
    "ensemble_size": 1,
    "epochs": 30,
    "explicit_h": false,
    "extra_metrics": [],
    "features_generator": null,
    "features_only": false,
    "features_path": null,
    "features_scaling": true,
    "features_size": null,
    "ffn_hidden_size": 2100,
    "ffn_num_layers": 3,
    "final_lr": 0.0001,
    "folds_file": null,
    "freeze_first_only": false,
    "frzn_ffn_layers": 0,
    "gpu": null,
    "grad_clip": null,
    "hidden_size": 2100,
    "ignore_columns": null,
    "init_lr": 0.0001,
    "log_frequency": 10,
    "max_data_size": null,
    "max_lr": 0.001,
    "metric": "auc",
    "metrics": [
        "auc"
    ],
    "minimize_score": false,
    "mpn_shared": false,
    "multiclass_num_classes": 3,
    "no_atom_descriptor_scaling": false,
    "no_bond_features_scaling": false,
    "no_cache_mol": false,
    "no_cuda": false,
    "no_features_scaling": false,
    "num_folds": 1,
    "num_lrs": 1,
    "num_tasks": 8,
    "num_workers": 8,
    "number_of_molecules": 1,
    "overwrite_default_atom_features": false,
    "overwrite_default_bond_features": false,
    "pytorch_seed": 0,
    "quiet": false,
    "reaction": false,
    "reaction_mode": "reac_diff",
    "reproducibility": {
        "command_line": "python /home/gcai/anaconda3/envs/chemprop/bin/chemprop_train --data_path ../abx_moa/data/chemprop_nonhuman_multilabel_inputs/train.csv --dataset_type classification --save_dir ../abx_moa/outputs/chemprop_nonhuman_multilabel_classification_1_fold --num_folds 1 --separate_val_path ../abx_moa/data/chemprop_nonhuman_multilabel_inputs/val.csv --separate_test_path ../abx_moa/data/chemprop_nonhuman_multilabel_inputs/test.csv --target_columns CoA_synthesis PMF cell_division cell_wall membrane nucleic_acid oxidative_stress protein_biosynthesis --config_path ../abx_moa/outputs/chemprop_nonhuman_multilabel_classification_1_fold/hyperoptimization",
        "git_has_uncommitted_changes": true,
        "git_root": "/home/gcai/chemprop",
        "git_url": "https://github.com/chemprop/chemprop/tree/bd7b17e1488d7e6c8f49e82021f06b7636bffdf9",
        "time": "Thu Aug  5 17:33:19 2021"
    },
    "resume_experiment": false,
    "save_dir": "../abx_moa/outputs/chemprop_nonhuman_multilabel_classification_1_fold",
    "save_preds": false,
    "save_smiles_splits": false,
    "seed": 0,
    "separate_test_atom_descriptors_path": null,
    "separate_test_bond_features_path": null,
    "separate_test_features_path": null,
    "separate_test_path": "../abx_moa/data/chemprop_nonhuman_multilabel_inputs/test.csv",
    "separate_val_atom_descriptors_path": null,
    "separate_val_bond_features_path": null,
    "separate_val_features_path": null,
    "separate_val_path": "../abx_moa/data/chemprop_nonhuman_multilabel_inputs/val.csv",
    "show_individual_scores": false,
    "smiles_columns": [
        "smiles"
    ],
    "split_sizes": {
        "_type": "tuple",
        "_value": [
            0.8,
            0.1,
            0.1
        ]
    },
    "split_type": "random",
    "target_columns": [
        "CoA_synthesis",
        "PMF",
        "cell_division",
        "cell_wall",
        "membrane",
        "nucleic_acid",
        "oxidative_stress",
        "protein_biosynthesis"
    ],
    "target_weights": null,
    "task_names": [
        "CoA_synthesis",
        "PMF",
        "cell_division",
        "cell_wall",
        "membrane",
        "nucleic_acid",
        "oxidative_stress",
        "protein_biosynthesis"
    ],
    "test": false,
    "test_fold_index": null,
    "train_data_size": null,
    "undirected": false,
    "use_input_features": false,
    "val_fold_index": null,
    "warmup_epochs": 2.0
}